train_topology,test_topology,model,macro_f1,bal_acc
ladder_2x4,line_8,logreg,0.36760983718031054,0.48333333333333334
ladder_2x4,line_8,rf,0.40183460982587915,0.5305555555555556
line_8,ladder_2x4,logreg,0.29885168897780057,0.3861111111111111
line_8,ladder_2x4,rf,0.5829731318510323,0.6277777777777778
